Workbook

Sheet Cronograma
A1: Planificación del proyecto · Sistema Asilo «Cabeza de Algodón» · versión 3.0
A2: Metodología incremental: iteraciones de 2 semanas, cada una con requerimiento, desarrollo, prueba y revisión SQA. Responsable: Gilmer Iván Ortiz Samayoa (carné 3090-23-12685).
A3: Celdas amarillas: escriba las horas realmente ejecutadas (número, p. ej. 6). El avance, los totales y la hoja Resumen se calculan solos.
A5: Iteración | B5: Nombre de la iteración | C5: Tipo de actividad | D5: Actividad | E5: Entregable / evidencia | F5: Inicio | G5: Fin | H5: Horas plan | I5: Horas ejecutadas | J5: Avance | K5: Responsable
A6: I1 | B6: Análisis y línea base | C6: Requerimiento | D6: Levantar necesidades del asilo y definir alcance v1 / fase 2 | E6: Alcance aprobado | F6: 46258 | G6: 46269 | H6: 8 | J6: =IF(H6=0,0,MIN(1,I6/H6)) -> 0 | K6: Gilmer Iván Ortiz Samayoa
A7: I1 | B7: Análisis y línea base | C7: Requerimiento | D7: Redactar ERS (RF y RNF medibles) y casos de uso | E7: ERS v1.0 | F7: 46258 | G7: 46269 | H7: 14 | J7: =IF(H7=0,0,MIN(1,I7/H7)) -> 0 | K7: Gilmer Iván Ortiz Samayoa
A8: I1 | B8: Análisis y línea base | C8: Documentación | D8: Declarar metodología incremental y plan de iteraciones | E8: Plan del proyecto | F8: 46258 | G8: 46269 | H8: 5 | J8: =IF(H8=0,0,MIN(1,I8/H8)) -> 0 | K8: Gilmer Iván Ortiz Samayoa
A9: I1 | B9: Análisis y línea base | C9: Prueba | D9: Revisión cruzada de requerimientos (claros, únicos y verificables) | E9: Lista de verificación ISO 29148 | F9: 46258 | G9: 46269 | H9: 5 | J9: =IF(H9=0,0,MIN(1,I9/H9)) -> 0 | K9: Gilmer Iván Ortiz Samayoa
A10: I1 | B10: Análisis y línea base | C10: Revisión SQA | D10: Hito SQA 1: revisión de alcance y ERS | E10: Acta de revisión | F10: 46258 | G10: 46269 | H10: 3 | J10: =IF(H10=0,0,MIN(1,I10/H10)) -> 0 | K10: Gilmer Iván Ortiz Samayoa
A11: I2 | B11: Diseño de datos y experiencia de usuario | C11: Requerimiento | D11: Modelo entidad-relación y diccionario de datos | E11: Modelo ER + diccionario | F11: 46272 | G11: 46283 | H11: 8 | J11: =IF(H11=0,0,MIN(1,I11/H11)) -> 0 | K11: Gilmer Iván Ortiz Samayoa
A12: I2 | B12: Diseño de datos y experiencia de usuario | C12: Desarrollo | D12: Script SQL versionado (esquema, datos de prueba, vistas) | E12: 01/02/03 .sql | F12: 46272 | G12: 46283 | H12: 10 | J12: =IF(H12=0,0,MIN(1,I12/H12)) -> 0 | K12: Gilmer Iván Ortiz Samayoa
A13: I2 | B13: Diseño de datos y experiencia de usuario | C13: Desarrollo | D13: Prototipo de pantallas y navegación por rol | E13: Prototipo navegable | F13: 46272 | G13: 46283 | H13: 9 | J13: =IF(H13=0,0,MIN(1,I13/H13)) -> 0 | K13: Gilmer Iván Ortiz Samayoa
A14: I2 | B14: Diseño de datos y experiencia de usuario | C14: Prueba | D14: Validar el script contra el diccionario y probar con datos ficticios | E14: Evidencia de importación | F14: 46272 | G14: 46283 | H14: 5 | J14: =IF(H14=0,0,MIN(1,I14/H14)) -> 0 | K14: Gilmer Iván Ortiz Samayoa
A15: I2 | B15: Diseño de datos y experiencia de usuario | C15: Revisión SQA | D15: Hito SQA 2: revisión del modelo de datos | E15: Acta de revisión | F15: 46272 | G15: 46283 | H15: 3 | J15: =IF(H15=0,0,MIN(1,I15/H15)) -> 0 | K15: Gilmer Iván Ortiz Samayoa
A16: I3 | B16: Núcleo: seguridad, usuarios y residentes | C16: Desarrollo | D16: Inicio de sesión, PBKDF2, bloqueo y cambio obligatorio de contraseña | E16: RF-01, RF-02, RF-21, RF-22 | F16: 46286 | G16: 46297 | H16: 10 | J16: =IF(H16=0,0,MIN(1,I16/H16)) -> 0 | K16: Gilmer Iván Ortiz Samayoa
A17: I3 | B17: Núcleo: seguridad, usuarios y residentes | C17: Desarrollo | D17: Registro, consulta, búsqueda, edición y egreso de residentes; habitaciones | E17: RF-03 a RF-07, RF-20 | F17: 46286 | G17: 46297 | H17: 12 | J17: =IF(H17=0,0,MIN(1,I17/H17)) -> 0 | K17: Gilmer Iván Ortiz Samayoa
... A36: C | B36: Cierre | C36: Revisión SQA | D36: Revisión final de documentos y control de versiones | E36: Acta de cierre | F36: 46342 | G36: 46346 | H36: 4 | J36: =IF(H36=0,0,MIN(1,I36/H36)) -> 0 | K36: Gilmer Iván Ortiz Samayoa
G37: TOTAL | H37: =SUM(H6:H36) -> 230 | I37: =SUM(I6:I36) -> 0 | J37: =IF(H37=0,0,I37/H37) -> 0
G38: Control | H38: =IF(H37=230,"Cuadra: 230 h","Revisar suma") -> Cuadra: 230 h

Sheet Resumen
A1: Resumen por iteración
A3: Iteración | B3: Nombre | C3: Inicio | D3: Fin | E3: Semanas | F3: Horas plan | G3: Horas por semana | H3: Horas de prueba | I3: Horas de revisión SQA | J3: Horas ejecutadas | K3: Avance
A4: I1 | B4: Análisis y línea base | C4: 46258 | D4: 46269 | E4: =ROUND((D4-C4+3)/7,0) -> 2 | F4: =SUMIFS(Cronograma!$H$6:$H$36,Cronograma!$A$6:$A$36,A4) -> 35 | G4: =IF(E4=0,0,F4/E4) -> 17.5 | H4: =SUMIFS(Cronograma!$H$6:$H$36,Cronograma!$A$6:$A$36,A4,Cronograma!$C$6:$C$36,"Prueba") -> 5 | I4: =SUMIFS(Cronograma!$H$6:$H$36,Cronograma!$A$6:$A$36,A4,Cronograma!$C$6:$C$36,"Revisión SQA") -> 3 | J4: =SUMIFS(Cronograma!$I$6:$I$36,Cronograma!$A$6:$A$36,A4) -> 0 | K4: =IF(F4=0,0,J4/F4) -> 0
A5: I2 | B5: Diseño de datos y experiencia de usuario | C5: 46272 | D5: 46283 | E5: =ROUND((D5-C5+3)/7,0) -> 2 | F5: =SUMIFS(Cronograma!$H$6:$H$36,Cronograma!$A$6:$A$36,A5) -> 35 | G5: =IF(E5=0,0,F5/E5) -> 17.5 | H5: =SUMIFS(Cronograma!$H$6:$H$36,Cronograma!$A$6:$A$36,A5,Cronograma!$C$6:$C$36,"Prueba") -> 5 | I5: =SUMIFS(Cronograma!$H$6:$H$36,Cronograma!$A$6:$A$36,A5,Cronograma!$C$6:$C$36,"Revisión SQA") -> 3 | J5: =SUMIFS(Cronograma!$I$6:$I$36,Cronograma!$A$6:$A$36,A5) -> 0 | K5: =IF(F5=0,0,J5/F5) -> 0
A6: I3 | B6: Núcleo: seguridad, usuarios y residentes | C6: 46286 | D6: 46297 | E6: =ROUND((D6-C6+3)/7,0) -> 2 | F6: =SUMIFS(Cronograma!$H$6:$H$36,Cronograma!$A$6:$A$36,A6) -> 35 | G6: =IF(E6=0,0,F6/E6) -> 17.5 | H6: =SUMIFS(Cronograma!$H$6:$H$36,Cronograma!$A$6:$A$36,A6,Cronograma!$C$6:$C$36,"Prueba") -> 9 | I6: =SUMIFS(Cronograma!$H$6:$H$36,Cronograma!$A$6:$A$36,A6,Cronograma!$C$6:$C$36,"Revisión SQA") -> 4 | J6: =SUMIFS(Cronograma!$I$6:$I$36,Cronograma!$A$6:$A$36,A6) -> 0 | K6: =IF(F6=0,0,J6/F6) -> 0
A7: I4 | B7: Atención médica | C7: 46300 | D7: 46311 | E7: =ROUND((D7-C7+3)/7,0) -> 2 | F7: =SUMIFS(Cronograma!$H$6:$H$36,Cronograma!$A$6:$A$36,A7) -> 35 | G7: =IF(E7=0,0,F7/E7) -> 17.5 | H7: =SUMIFS(Cronograma!$H$6:$H$36,Cronograma!$A$6:$A$36,A7,Cronograma!$C$6:$C$36,"Prueba") -> 9 | I7: =SUMIFS(Cronograma!$H$6:$H$36,Cronograma!$A$6:$A$36,A7,Cronograma!$C$6:$C$36,"Revisión SQA") -> 4 | J7: =SUMIFS(Cronograma!$I$6:$I$36,Cronograma!$A$6:$A$36,A7) -> 0 | K7: =IF(F7=0,0,J7/F7) -> 0
A8: I5 | B8: Administración y persistencia MySQL | C8: 46314 | D8: 46325 | E8: =ROUND((D8-C8+3)/7,0) -> 2 | F8: =SUMIFS(Cronograma!$H$6:$H$36,Cronograma!$A$6:$A$36,A8) -> 35 | G8: =IF(E8=0,0,F8/E8) -> 17.5 | H8: =SUMIFS(Cronograma!$H$6:$H$36,Cronograma!$A$6:$A$36,A8,Cronograma!$C$6:$C$36,"Prueba") -> 8 | I8: =SUMIFS(Cronograma!$H$6:$H$36,Cronograma!$A$6:$A$36,A8,Cronograma!$C$6:$C$36,"Revisión SQA") -> 4 | J8: =SUMIFS(Cronograma!$I$6:$I$36,Cronograma!$A$6:$A$36,A8) -> 0 | K8: =IF(F8=0,0,J8/F8) -> 0
A9: I6 | B9: Integración, despliegue y aceptación | C9: 46328 | D9: 46339 | E9: =ROUND((D9-C9+3)/7,0) -> 2 | F9: =SUMIFS(Cronograma!$H$6:$H$36,Cronograma!$A$6:$A$36,A9) -> 35 | G9: =IF(E9=0,0,F9/E9) -> 17.5 | H9: =SUMIFS(Cronograma!$H$6:$H$36,Cronograma!$A$6:$A$36,A9,Cronograma!$C$6:$C$36,"Prueba") -> 18 | I9: =SUMIFS(Cronograma!$H$6:$H$36,Cronograma!$A$6:$A$36,A9,Cronograma!$C$6:$C$36,"Revisión SQA") -> 4 | J9: =SUMIFS(Cronograma!$I$6:$I$36,Cronograma!$A$6:$A$36,A9) -> 0 | K9: =IF(F9=0,0,J9/F9) -> 0
A10: C | B10: Cierre | C10: 46342 | D10: 46346 | E10: =ROUND((D10-C10+3)/7,0) -> 1 | F10: =SUMIFS(Cronograma!$H$6:$H$36,Cronograma!$A$6:$A$36,A10) -> 20 | G10: =IF(E10=0,0,F10/E10) -> 20 | H10: =SUMIFS(Cronograma!$H$6:$H$36,Cronograma!$A$6:$A$36,A10,Cronograma!$C$6:$C$36,"Prueba") -> 0 | I10: =SUMIFS(Cronograma!$H$6:$H$36,Cronograma!$A$6:$A$36,A10,Cronograma!$C$6:$C$36,"Revisión SQA") -> 4 | J10: =SUMIFS(Cronograma!$I$6:$I$36,Cronograma!$A$6:$A$36,A10) -> 0 | K10: =IF(F10=0,0,J10/F10) -> 0
A11: TOTAL | E11: =SUM(E4:E10) -> 13 | F11: =SUM(F4:F10) -> 230 | G11: =IF(E11=0,0,F11/E11) -> 17.692308 | H11: =SUM(H4:H10) -> 54 | I11: =SUM(I4:I10) -> 26 | J11: =SUM(J4:J10) -> 0 | K11: =IF(F11=0,0,J11/F11) -> 0
A13: Notas
A14: Periodo: 24/08/2026 al 20/11/2026 (13 semanas), igual que la planificación v2.0.
A15: Corrección H-08: la versión 2.0 decía 222 h, pero sus fases sumaban 230 h. Este plan suma 230 h y lo comprueba con fórmula.
A16: Las pruebas y la revisión SQA están dentro de cada iteración, no solo al final; farmacia y reportes tienen horas asignadas (I5).
A17: Disponibilidad del responsable: 15 a 18 horas semanales (dato de la planificación v2.0). Incluye 4 h de holgura en I6.
A18: Este archivo reemplaza a «Planificacion_Casa_Serena.xlsx», nombre que correspondía a otro proyecto (H-09).

Sheet Hitos SQA
A1: Hitos de revisión SQA y criterio de terminado
A3: Hito | B3: Fecha | C3: Qué se revisa | D3: Criterio para aprobar
A4: SQA 1 | B4: 46269 | C4: Alcance y ERS | D4: Cada RF es claro, único y verificable; alcance v1 y fase 2 firmados
A5: SQA 2 | B5: 46283 | C5: Modelo de datos | D5: Script SQL coincide con el diccionario de datos
A6: SQA 3 | B6: 46297 | C6: Seguridad y residentes | D6: Pruebas PV-01 a PV-18 y CP-01 a CP-07 aprobadas
A7: SQA 4 | B7: 46311 | C7: Atención médica | D7: CP-08 a CP-10 y CP-15 a CP-18 aprobados
A8: SQA 5 | B8: 46325 | C8: Administración y hallazgos | D8: Respuesta a H-01 a H-10 con evidencia
A9: SQA 6 | B9: 46339 | C9: Verificación en ejecución | D9: Hallazgos cerrados por el analista SQA
A10: Cierre | B10: 46346 | C10: Documentación final | D10: Tabla de control de versiones actualizada
A13: Definición de terminado para cada entregable: requerimiento documentado, código hecho, caso de prueba ejecutado con evidencia y revisión SQA sin hallazgos altos abiertos.
